INSERT INTO `lys_db`.`amenity` (`id`, `room_id`) VALUES ('1', '1');
INSERT INTO `lys_db`.`amenity` (`id`, `room_id`) VALUES ('2', '2');
INSERT INTO `lys_db`.`amenity` (`id`, `room_id`) VALUES ('3', '3');
INSERT INTO `lys_db`.`amenity` (`id`, `room_id`) VALUES ('4', '4');
INSERT INTO `lys_db`.`amenity` (`id`, `room_id`) VALUES ('5', '5');
INSERT INTO `lys_db`.`amenity` (`id`, `room_id`) VALUES ('6', '6');
INSERT INTO `lys_db`.`amenity` (`id`, `room_id`) VALUES ('7', '7');
INSERT INTO `lys_db`.`amenity` (`id`, `room_id`) VALUES ('8', '8');
INSERT INTO `lys_db`.`amenity` (`id`, `room_id`) VALUES ('9', '9');
INSERT INTO `lys_db`.`amenity` (`id`, `room_id`) VALUES ('10', '10');

INSERT INTO `lys_db`.`room` (`hotel_id`, `room_number`) VALUES ('1', '496');
INSERT INTO `lys_db`.`room` (`hotel_id`, `room_number`) VALUES ('2', '574');
INSERT INTO `lys_db`.`room` (`hotel_id`, `room_number`) VALUES ('3', '357');
INSERT INTO `lys_db`.`room` (`hotel_id`, `room_number`) VALUES ('4', '978');
INSERT INTO `lys_db`.`room` (`hotel_id`, `room_number`) VALUES ('5', '675');
INSERT INTO `lys_db`.`room` (`hotel_id`, `room_number`) VALUES ('6', '354');
INSERT INTO `lys_db`.`room` (`hotel_id`, `room_number`) VALUES ('7', '768');
INSERT INTO `lys_db`.`room` (`hotel_id`, `room_number`) VALUES ('8', '232');
INSERT INTO `lys_db`.`room` (`hotel_id`, `room_number`) VALUES ('9', '342');
INSERT INTO `lys_db`.`room` (`hotel_id`, `room_number`) VALUES ('10', '987');

INSERT INTO `lys_db`.`user` (`id`, `surname`, `name`, `email`, `gender`) VALUES ('1', 'Baran', 'Yuliya', 'yulbaran@gmail.com', 'female');
INSERT INTO `lys_db`.`user` (`id`, `surname`, `name`, `email`, `gender`) VALUES ('2', 'Borysov', 'Karyna', 'karborysova@gmail.com', 'female');
INSERT INTO `lys_db`.`user` (`id`, `surname`, `name`, `email`, `gender`) VALUES ('3', 'Sobol', 'Vladyslav', 'vlad1234@gmail.com', 'male');
INSERT INTO `lys_db`.`user` (`id`, `surname`, `name`, `email`, `gender`) VALUES ('4', 'Shevchuk', 'Milana', 'milashev@gmail.com', 'female');
INSERT INTO `lys_db`.`user` (`id`, `surname`, `name`, `email`, `gender`) VALUES ('5', 'Odarka', 'Oksana', 'odarkaa@gmail.com', 'female');
INSERT INTO `lys_db`.`user` (`id`, `surname`, `name`, `email`, `gender`) VALUES ('6', 'Melnyk', 'Davyd', 'davydmelnyk@gmail.com', 'male');
INSERT INTO `lys_db`.`user` (`id`, `surname`, `name`, `email`, `gender`) VALUES ('7', 'Pasternak', 'Yevgen', 'zhenia69@gmail.com', 'male');
INSERT INTO `lys_db`.`user` (`id`, `surname`, `name`, `email`, `gender`) VALUES ('8', 'Kovalenko', 'Viktoriya', 'kovalenkovika@gmail.com', 'female');
INSERT INTO `lys_db`.`user` (`id`, `surname`, `name`, `email`, `gender`) VALUES ('9', 'Tkachenko', 'Maks', 'maks42@gmail.com', 'male');
INSERT INTO `lys_db`.`user` (`id`, `surname`, `name`, `email`, `gender`) VALUES ('10', 'Gavrilyuk', 'Olexiy', 'alexgavrilyuk@gmail.com', 'male');

INSERT INTO `lys_db`.`hotel` (`name`, `hotel_chain_id`, `city_name`, `city_region_name`, `city_region_country_name`) VALUES ('The Albatros Hotel', '1', 'Barselona', 'Catalonia', 'Spain');
INSERT INTO `lys_db`.`hotel` (`name`, `hotel_chain_id`, `city_name`, `city_region_name`, `city_region_country_name`) VALUES ('Elexus Hotel', '2', 'Berlin', 'Brandenburg', 'Germany');
INSERT INTO `lys_db`.`hotel` (`name`, `hotel_chain_id`, `city_name`, `city_region_name`, `city_region_country_name`) VALUES ('Blue Mountain', '3', 'Caen', 'Normandy', 'France');
INSERT INTO `lys_db`.`hotel` (`name`, `hotel_chain_id`, `city_name`, `city_region_name`, `city_region_country_name`) VALUES ('Los Picos', '4', 'Los Angeles', 'California', 'United States');
INSERT INTO `lys_db`.`hotel` (`name`, `hotel_chain_id`, `city_name`, `city_region_name`, `city_region_country_name`) VALUES ('International Hotel Casino', '5', 'Lviv', 'Lviv Oblast', 'Ukraine');
INSERT INTO `lys_db`.`hotel` (`name`, `hotel_chain_id`, `city_name`, `city_region_name`, `city_region_country_name`) VALUES ('Gold Hotel', '6', 'Moscow', 'Moscow Oblast', 'Russia');
INSERT INTO `lys_db`.`hotel` (`name`, `hotel_chain_id`, `city_name`, `city_region_name`, `city_region_country_name`) VALUES ('Platinum Hotel', '7', 'Palermo', 'Sicily', 'Italy');
INSERT INTO `lys_db`.`hotel` (`name`, `hotel_chain_id`, `city_name`, `city_region_name`, `city_region_country_name`) VALUES ('Best Hotel', '8', 'Peking', 'Fujian', 'China');
INSERT INTO `lys_db`.`hotel` (`name`, `hotel_chain_id`, `city_name`, `city_region_name`, `city_region_country_name`) VALUES ('Hotel Olimpia', '9', 'Tokio', 'Kansai', 'Japan');
INSERT INTO `lys_db`.`hotel` (`name`, `hotel_chain_id`, `city_name`, `city_region_name`, `city_region_country_name`) VALUES ('InterContinental', '10', 'Warsaw', 'Masovia', 'Poland');

INSERT INTO `lys_db`.`city` (`name`, `region_name`, `region_country_name`) VALUES ('Lviv', 'Lviv Oblast', 'Ukraine');
INSERT INTO `lys_db`.`city` (`name`, `region_name`, `region_country_name`) VALUES ('Berlin', 'Brandenburg', 'Germany');
INSERT INTO `lys_db`.`city` (`name`, `region_name`, `region_country_name`) VALUES ('Los Angeles', 'California', 'United States');
INSERT INTO `lys_db`.`city` (`name`, `region_name`, `region_country_name`) VALUES ('Barselona', 'Catalonia', 'Spain');
INSERT INTO `lys_db`.`city` (`name`, `region_name`, `region_country_name`) VALUES ('Peking', 'Fujian', 'China');
INSERT INTO `lys_db`.`city` (`name`, `region_name`, `region_country_name`) VALUES ('Tokio', 'Kansai', 'Japan');
INSERT INTO `lys_db`.`city` (`name`, `region_name`, `region_country_name`) VALUES ('Warsaw', 'Masovia', 'Poland');
INSERT INTO `lys_db`.`city` (`name`, `region_name`, `region_country_name`) VALUES ('Moscow', 'Moscow Oblast', 'Russia');
INSERT INTO `lys_db`.`city` (`name`, `region_name`, `region_country_name`) VALUES ('Caen', 'Normandy', 'France');
INSERT INTO `lys_db`.`city` (`name`, `region_name`, `region_country_name`) VALUES ('Palermo', 'Sicily', 'Italy');

INSERT INTO `lys_db`.`country` (`name`) VALUES ('Ukraine');
INSERT INTO `lys_db`.`country` (`name`) VALUES ('Poland');
INSERT INTO `lys_db`.`country` (`name`) VALUES ('Germany');
INSERT INTO `lys_db`.`country` (`name`) VALUES ('United States');
INSERT INTO `lys_db`.`country` (`name`) VALUES ('France');
INSERT INTO `lys_db`.`country` (`name`) VALUES ('Italy');
INSERT INTO `lys_db`.`country` (`name`) VALUES ('China');
INSERT INTO `lys_db`.`country` (`name`) VALUES ('Japan');
INSERT INTO `lys_db`.`country` (`name`) VALUES ('Spain');
INSERT INTO `lys_db`.`country` (`name`) VALUES ('Russia');

INSERT INTO `lys_db`.`hotel_chain` (`name`, `type`) VALUES ('Best Western', 'Marketing cooperative');
INSERT INTO `lys_db`.`hotel_chain` (`name`, `type`) VALUES ('Hilton', 'Subsidiary');
INSERT INTO `lys_db`.`hotel_chain` (`name`, `type`) VALUES ('Holiday Inn', 'Public company');
INSERT INTO `lys_db`.`hotel_chain` (`name`, `type`) VALUES ('Hanting Express', 'Marketing cooperative');
INSERT INTO `lys_db`.`hotel_chain` (`name`, `type`) VALUES ('Home Inn', 'Public company');
INSERT INTO `lys_db`.`hotel_chain` (`name`, `type`) VALUES ('Marriott', 'Marketing cooperative');
INSERT INTO `lys_db`.`hotel_chain` (`name`, `type`) VALUES ('Mercure', 'Marketing cooperative');
INSERT INTO `lys_db`.`hotel_chain` (`name`, `type`) VALUES ('Novotel', 'Public company');
INSERT INTO `lys_db`.`hotel_chain` (`name`, `type`) VALUES ('Ramada', 'Marketing cooperative');
INSERT INTO `lys_db`.`hotel_chain` (`name`, `type`) VALUES ('Sheraton', 'Public company');

INSERT INTO `lys_db`.`reservation` (`user_id`, `room_id`) VALUES ('1', '10');
INSERT INTO `lys_db`.`reservation` (`user_id`, `room_id`) VALUES ('2', '9');
INSERT INTO `lys_db`.`reservation` (`user_id`, `room_id`) VALUES ('3', '8');
INSERT INTO `lys_db`.`reservation` (`user_id`, `room_id`) VALUES ('4', '7');
INSERT INTO `lys_db`.`reservation` (`user_id`, `room_id`) VALUES ('5', '6');
INSERT INTO `lys_db`.`reservation` (`user_id`, `room_id`) VALUES ('6', '5');
INSERT INTO `lys_db`.`reservation` (`user_id`, `room_id`) VALUES ('7', '4');
INSERT INTO `lys_db`.`reservation` (`user_id`, `room_id`) VALUES ('8', '3');
INSERT INTO `lys_db`.`reservation` (`user_id`, `room_id`) VALUES ('9', '2');
INSERT INTO `lys_db`.`reservation` (`user_id`, `room_id`) VALUES ('10', '1');

INSERT INTO `lys_db`.`review` (`hotel_id`, `user_id`) VALUES ('1', '10');
INSERT INTO `lys_db`.`review` (`hotel_id`, `user_id`) VALUES ('2', '9');
INSERT INTO `lys_db`.`review` (`hotel_id`, `user_id`) VALUES ('3', '8');
INSERT INTO `lys_db`.`review` (`hotel_id`, `user_id`) VALUES ('4', '7');
INSERT INTO `lys_db`.`review` (`hotel_id`, `user_id`) VALUES ('5', '6');
INSERT INTO `lys_db`.`review` (`hotel_id`, `user_id`) VALUES ('6', '5');
INSERT INTO `lys_db`.`review` (`hotel_id`, `user_id`) VALUES ('7', '4');
INSERT INTO `lys_db`.`review` (`hotel_id`, `user_id`) VALUES ('8', '3');
INSERT INTO `lys_db`.`review` (`hotel_id`, `user_id`) VALUES ('9', '2');
INSERT INTO `lys_db`.`review` (`hotel_id`, `user_id`) VALUES ('10', '1');

INSERT INTO `lys_db`.`region` (`name`, `country_name`) VALUES ('Lviv Oblast', 'Ukraine');
INSERT INTO `lys_db`.`region` (`name`, `country_name`) VALUES ('Moscow Oblast', 'Russia');
INSERT INTO `lys_db`.`region` (`name`, `country_name`) VALUES ('Masovia', 'Poland');
INSERT INTO `lys_db`.`region` (`name`, `country_name`) VALUES ('Brandenburg', 'Germany');
INSERT INTO `lys_db`.`region` (`name`, `country_name`) VALUES ('Normandy', 'France');
INSERT INTO `lys_db`.`region` (`name`, `country_name`) VALUES ('Sicily', 'Italy');
INSERT INTO `lys_db`.`region` (`name`, `country_name`) VALUES ('California', 'United States');
INSERT INTO `lys_db`.`region` (`name`, `country_name`) VALUES ('Catalonia', 'Spain');
INSERT INTO `lys_db`.`region` (`name`, `country_name`) VALUES ('Kansai', 'Japan');
INSERT INTO `lys_db`.`region` (`name`, `country_name`) VALUES ('Fujian', 'China');

INSERT INTO `lys_db`.`security` (`user_id`, `login`, `password`) VALUES ('1', 'vlad123', 'asdf');
INSERT INTO `lys_db`.`security` (`user_id`, `login`, `password`) VALUES ('2', 'milash', 'qwer');
INSERT INTO `lys_db`.`security` (`user_id`, `login`, `password`) VALUES ('3', 'odarkaa', 'zcxv');
INSERT INTO `lys_db`.`security` (`user_id`, `login`, `password`) VALUES ('4', 'davydmelny', 'ghj');
INSERT INTO `lys_db`.`security` (`user_id`, `login`, `password`) VALUES ('5', 'zhenia69', 'dfgh');
INSERT INTO `lys_db`.`security` (`user_id`, `login`, `password`) VALUES ('6', 'kovalenkovika', 'tyui');
INSERT INTO `lys_db`.`security` (`user_id`, `login`, `password`) VALUES ('7', 'maks4', 'gjhk');
INSERT INTO `lys_db`.`security` (`user_id`, `login`, `password`) VALUES ('8', 'alexgavrily', 'bmpi');
INSERT INTO `lys_db`.`security` (`user_id`, `login`, `password`) VALUES ('9', 'yulbaran', '3456');
INSERT INTO `lys_db`.`security` (`user_id`, `login`, `password`) VALUES ('10', 'karborys', 'jhg');
